{
  "id": "",
  "name": "",
  "font_family": "iconfont",
  "css_prefix_text": "icon-",
  "description": "",
  "glyphs": [
    {
      "icon_id": "809066",
      "name": "book",
      "font_class": "book",
      "unicode": "e600",
      "unicode_decimal": 58880
    },
    {
      "icon_id": "1206400",
      "name": "trash",
      "font_class": "trash",
      "unicode": "e628",
      "unicode_decimal": 58920
    },
    {
      "icon_id": "1441080",
      "name": "account-box-outline",
      "font_class": "account-box-outline",
      "unicode": "e602",
      "unicode_decimal": 58882
    },
    {
      "icon_id": "1441081",
      "name": "account-box",
      "font_class": "account-box",
      "unicode": "e603",
      "unicode_decimal": 58883
    },
    {
      "icon_id": "1441765",
      "name": "arrow-left",
      "font_class": "arrow-left",
      "unicode": "e62c",
      "unicode_decimal": 58924
    },
    {
      "icon_id": "1441773",
      "name": "arrow-right",
      "font_class": "arrow-right",
      "unicode": "e631",
      "unicode_decimal": 58929
    },
    {
      "icon_id": "1444067",
      "name": "book-multiple",
      "font_class": "book-multiple",
      "unicode": "e663",
      "unicode_decimal": 58979
    },
    {
      "icon_id": "1444069",
      "name": "book-open",
      "font_class": "book-open",
      "unicode": "e664",
      "unicode_decimal": 58980
    },
    {
      "icon_id": "1444193",
      "name": "chart-pie",
      "font_class": "chart-pie",
      "unicode": "e69a",
      "unicode_decimal": 59034
    },
    {
      "icon_id": "1444220",
      "name": "chevron-double-left",
      "font_class": "chevron-double-left",
      "unicode": "e6a8",
      "unicode_decimal": 59048
    },
    {
      "icon_id": "1444266",
      "name": "cloud-upload",
      "font_class": "cloud-upload",
      "unicode": "e6bd",
      "unicode_decimal": 59069
    },
    {
      "icon_id": "1444362",
      "name": "database",
      "font_class": "database",
      "unicode": "e6ec",
      "unicode_decimal": 59116
    },
    {
      "icon_id": "1444776",
      "name": "information",
      "font_class": "information",
      "unicode": "e7b8",
      "unicode_decimal": 59320
    },
    {
      "icon_id": "11349316",
      "name": "yes",
      "font_class": "yes",
      "unicode": "e665",
      "unicode_decimal": 58981
    },
    {
      "icon_id": "15590651",
      "name": "pen-nib-fill",
      "font_class": "pen-nib-fill",
      "unicode": "e6cc",
      "unicode_decimal": 59084
    },
    {
      "icon_id": "15590653",
      "name": "pen-nib-line",
      "font_class": "pen-nib-line",
      "unicode": "e6cd",
      "unicode_decimal": 59085
    }
  ]
}
